{"proj_int":[2000,0,960,0,2000,1100,0,0,1],"cam2proj":[1.745329203384216e-08,0,1,-3.9999998603736842,0,1,0,4,-1,0,1.745329203384216e-08,-8.0000000698132112,0,0,0,1],"cam_int":[1000,0,960,0,1000,540,0,0,1],"cam_dist":[0,0,0,0,0],"proj_dist":[0,0,0,0,0],"plane":[-0.77301045167414528,-1.1102230246251565e-16,-0.63439328622120039,16.066265196954472]}